what,kind,bundleId,bundleVersion,description,time
started,bundle,org.eclipse.equinox.preferences,3.4.2.v20120111-2020,"org.eclipse.equinox.preferences",1457650106903
started,bundle,org.eclipse.equinox.registry,3.5.101.R37x_v20110810-1611,"org.eclipse.equinox.registry",1457650106903
started,bundle,org.eclipse.equinox.security,1.1.1.R37x_v20110822-1018,"org.eclipse.equinox.security",1457650106904
started,bundle,org.eclipse.equinox.util,1.0.300.v20110502,"org.eclipse.equinox.util",1457650106904
started,bundle,org.eclipse.help,3.5.100.v20110426,"org.eclipse.help",1457650106904
started,bundle,org.eclipse.jface,3.7.0.v20110928-1505,"org.eclipse.jface",1457650106905
started,bundle,org.eclipse.jgit,1.3.0.201202151440-r,"org.eclipse.jgit",1457650106905
started,bundle,org.eclipse.jsch.core,1.1.300.I20110514-0800,"org.eclipse.jsch.core",1457650106905
started,bundle,org.eclipse.linuxtools.cdt.autotools.core,1.0.2.201202152032,"org.eclipse.linuxtools.cdt.autotools.core",1457650106906
started,bundle,org.eclipse.ltk.core.refactoring,3.5.201.r372_v20111101-0700,"org.eclipse.ltk.core.refactoring",1457650106906
started,bundle,org.eclipse.ltk.ui.refactoring,3.6.0.v20110928-1453,"org.eclipse.ltk.ui.refactoring",1457650106907
started,bundle,org.eclipse.mylyn.bugzilla.core,3.6.5.v20120123-0100,"org.eclipse.mylyn.bugzilla.core",1457650106907
started,bundle,org.eclipse.mylyn.bugzilla.ui,3.6.0.v20110608-1400,"org.eclipse.mylyn.bugzilla.ui",1457650106907
started,bundle,org.eclipse.mylyn.commons.identity,0.8.0.v20110608-1400,"org.eclipse.mylyn.commons.identity",1457650106908
started,bundle,org.eclipse.mylyn.commons.net,3.6.0.v20110608-1400,"org.eclipse.mylyn.commons.net",1457650106908
started,bundle,org.eclipse.mylyn.commons.ui,3.6.1.v20110720-0100,"org.eclipse.mylyn.commons.ui",1457650106908
started,bundle,org.eclipse.mylyn.context.core,3.6.1.v20110720-0100,"org.eclipse.mylyn.context.core",1457650106909
started,bundle,org.eclipse.mylyn.context.ui,3.6.1.v20120112-0100,"org.eclipse.mylyn.context.ui",1457650106909
started,bundle,org.eclipse.mylyn.monitor.ui,3.6.0.v20110608-1400,"org.eclipse.mylyn.monitor.ui",1457650106909
started,bundle,org.eclipse.mylyn.tasks.ui,3.6.5.v20120215-0100,"org.eclipse.mylyn.tasks.ui",1457650106910
started,bundle,org.eclipse.mylyn.team.ui,3.6.1.v20110825-0100,"org.eclipse.mylyn.team.ui",1457650106910
started,bundle,org.eclipse.search,3.7.0.v20110928-1504,"org.eclipse.search",1457650106911
started,bundle,org.eclipse.team.core,3.6.0.I20110525-0800,"org.eclipse.team.core",1457650106911
started,bundle,org.eclipse.team.cvs.core,3.3.400.I20110510-0800,"org.eclipse.team.cvs.core",1457650106912
started,bundle,org.eclipse.team.cvs.ui,3.3.401.v20120126-1227,"org.eclipse.team.cvs.ui",1457650106912
started,bundle,org.eclipse.team.ui,3.6.101.R37x_v20111109-0800,"org.eclipse.team.ui",1457650106913
started,bundle,org.eclipse.ui,3.7.0.v20110928-1505,"org.eclipse.ui",1457650106914
started,bundle,org.eclipse.ui.console,3.5.100.v20111007_r372,"org.eclipse.ui.console",1457650106914
started,bundle,org.eclipse.ui.editors,3.7.0.v20110928-1504,"org.eclipse.ui.editors",1457650106914
started,bundle,org.eclipse.ui.forms,3.5.101.v20111011-1919,"org.eclipse.ui.forms",1457650106914
started,bundle,org.eclipse.ui.ide,3.7.0.v20110928-1505,"org.eclipse.ui.ide",1457650106915
started,bundle,org.eclipse.ui.navigator,3.5.101.v20120106-1355,"org.eclipse.ui.navigator",1457650106915
started,bundle,org.eclipse.ui.navigator.resources,3.4.300.v20110928-1505,"org.eclipse.ui.navigator.resources",1457650106916
started,bundle,org.eclipse.ui.net,1.2.100.v20111208-1155,"org.eclipse.ui.net",1457650106916
started,bundle,org.eclipse.ui.views,3.6.0.v20110928-1505,"org.eclipse.ui.views",1457650106916
started,bundle,org.eclipse.ui.workbench,3.7.1.v20120104-1859,"org.eclipse.ui.workbench",1457650106917
started,bundle,org.eclipse.ui.workbench.texteditor,3.7.0.v20110928-1504,"org.eclipse.ui.workbench.texteditor",1457650106917
started,bundle,org.eclipse.update.configurator,3.3.100.v20100512,"org.eclipse.update.configurator",1457650106918
started,bundle,org.eclipse.update.core,3.2.500.v20110330,"org.eclipse.update.core",1457650106918
started,bundle,org.eclipse.update.scheduler,3.2.300.v20100512,"org.eclipse.update.scheduler",1457650106918
started,bundle,com.altera.sbtgui.core,12.1.1.243,"com.altera.sbtgui.core",1457650106919
started,bundle,com.altera.sbtgui.integration,12.1.1.243,"com.altera.sbtgui.integration",1457650106919
started,bundle,com.altera.sbtgui.launch,12.1.1.243,"com.altera.sbtgui.launch",1457650106919
started,bundle,com.altera.sbtgui.project,12.1.1.243,"com.altera.sbtgui.project",1457650106920
started,bundle,com.altera.systemconsole,12.1.1.243,"com.altera.systemconsole",1457650106920
started,bundle,com.altera.systemconsole.designs.plugin,12.1.1.243,"com.altera.systemconsole.designs.plugin",1457650106920
started,bundle,com.altera.systemconsole.scripting,12.1.1.243,"com.altera.systemconsole.scripting",1457650106921
started,bundle,com.altera.utilities,12.1.1.243,"com.altera.utilities",1457650106921
os,sysinfo,,,"linux",1457650106923
arch,sysinfo,,,"x86",1457650106923
ws,sysinfo,,,"gtk",1457650106923
locale,sysinfo,,,"en_US",1457650106923
processors,sysinfo,,,"8",1457650106923
java.runtime.name,sysinfo,,,"Java(TM) SE Runtime Environment",1457650106923
java.runtime.version,sysinfo,,,"1.6.0_23-b05",1457650106923
java.specification.name,sysinfo,,,"Java Platform API Specification",1457650106923
java.specification.vendor,sysinfo,,,"Sun Microsystems Inc.",1457650106923
java.specification.version,sysinfo,,,"1.6",1457650106923
java.vendor,sysinfo,,,"Sun Microsystems Inc.",1457650106923
java.version,sysinfo,,,"1.6.0_23",1457650106923
java.vm.info,sysinfo,,,"mixed mode",1457650106923
java.vm.name,sysinfo,,,"Java HotSpot(TM) Server VM",1457650106923
java.vm.specification.name,sysinfo,,,"Java Virtual Machine Specification",1457650106923
java.vm.specification.vendor,sysinfo,,,"Sun Microsystems Inc.",1457650106923
java.vm.specification.version,sysinfo,,,"1.0",1457650106923
java.vm.vendor,sysinfo,,,"Sun Microsystems Inc.",1457650106923
java.vm.version,sysinfo,,,"19.0-b09",1457650106923
activated,view,org.eclipse.ui.navigator.resources,3.4.300.v20110928-1505,"org.eclipse.ui.navigator.ProjectExplorer",1457650109371
deactivated,workbench,org.eclipse.ui.workbench,3.7.1.v20120104-1859,"",1457650132124
started,bundle,org.eclipse.cdt.mylyn.ui,3.6.0.v20110608-1400,"org.eclipse.cdt.mylyn.ui",1457650133093
closed,workbench,org.eclipse.ui.workbench,3.7.1.v20120104-1859,"",1457650133124
started,bundle,org.eclipse.compare,3.5.202.R37x_v20111109-0800,"org.eclipse.compare",1457650133254
stopped,bundle,org.eclipse.cdt.build.crossgcc,1.0.2.201202111925,"org.eclipse.cdt.build.crossgcc",1457650133362
stopped,bundle,org.eclipse.cdt.codan.checkers.ui,1.0.0.201202111925,"org.eclipse.cdt.codan.checkers.ui",1457650133363
stopped,bundle,com.altera.debug.cdi.gdb.plugin,12.1.1.243,"com.altera.debug.cdi.gdb.plugin",1457650133363
stopped,bundle,com.altera.sbtgui.launch,12.1.1.243,"com.altera.sbtgui.launch",1457650133364
stopped,bundle,com.altera.sbtgui.ui,12.1.1.243,"com.altera.sbtgui.ui",1457650133364
stopped,bundle,com.altera.sbtgui.project,12.1.1.243,"com.altera.sbtgui.project",1457650133364
stopped,bundle,org.eclipse.cdt.codan.checkers,1.0.1.201202111925,"org.eclipse.cdt.codan.checkers",1457650133364
stopped,bundle,org.eclipse.cdt.codan.ui.cxx,2.0.0.201202111925,"org.eclipse.cdt.codan.ui.cxx",1457650133364
stopped,bundle,org.eclipse.cdt.codan.core.cxx,1.0.0.201202111925,"org.eclipse.cdt.codan.core.cxx",1457650133364
stopped,bundle,org.eclipse.cdt.launch.remote,2.3.0.201202111925,"org.eclipse.cdt.launch.remote",1457650133365
stopped,bundle,org.eclipse.cdt.debug.mi.ui,6.1.1.201202111925,"org.eclipse.cdt.debug.mi.ui",1457650133365
stopped,bundle,org.eclipse.cdt.debug.mi.core,7.1.1.201202111925,"org.eclipse.cdt.debug.mi.core",1457650133366
stopped,bundle,org.eclipse.cdt.debug.ui.memory.memorybrowser,1.2.100.201202111925,"org.eclipse.cdt.debug.ui.memory.memorybrowser",1457650133366
stopped,bundle,org.eclipse.cdt.debug.ui.memory.search,1.2.1.201202111925,"org.eclipse.cdt.debug.ui.memory.search",1457650133366
stopped,bundle,org.eclipse.cdt.dsf.gdb.ui,2.2.1.201202111925,"org.eclipse.cdt.dsf.gdb.ui",1457650133367
stopped,bundle,org.eclipse.cdt.dsf.ui,2.2.1.201202111925,"org.eclipse.cdt.dsf.ui",1457650133368
stopped,bundle,org.eclipse.cdt.gdb.ui,7.0.0.201202111925,"org.eclipse.cdt.gdb.ui",1457650133368
stopped,bundle,org.eclipse.cdt.dsf.gdb,4.0.2.201202111925,"org.eclipse.cdt.dsf.gdb",1457650133369
stopped,bundle,org.eclipse.cdt.launch,7.0.0.201202111925,"org.eclipse.cdt.launch",1457650133369
stopped,bundle,org.eclipse.cdt.debug.ui,7.1.2.201202111925,"org.eclipse.cdt.debug.ui",1457650133369
stopped,bundle,org.eclipse.cdt.debug.ui.memory.traditional,1.2.1.201202111925,"org.eclipse.cdt.debug.ui.memory.traditional",1457650133370
stopped,bundle,org.eclipse.cdt.dsf,2.2.0.201202111925,"org.eclipse.cdt.dsf",1457650133370
stopped,bundle,org.eclipse.cdt.debug.core,7.1.0.201202111925,"org.eclipse.cdt.debug.core",1457650133370
stopped,bundle,org.eclipse.linuxtools.cdt.autotools.ui,1.0.1.201202152032,"org.eclipse.linuxtools.cdt.autotools.ui",1457650133371
stopped,bundle,org.eclipse.linuxtools.cdt.autotools.core,1.0.2.201202152032,"org.eclipse.linuxtools.cdt.autotools.core",1457650133371
stopped,bundle,org.eclipse.cdt.managedbuilder.ui,8.0.2.201202111925,"org.eclipse.cdt.managedbuilder.ui",1457650133372
stopped,bundle,org.eclipse.cdt.make.ui,7.1.2.201202111925,"org.eclipse.cdt.make.ui",1457650133372
stopped,bundle,org.eclipse.cdt.managedbuilder.gnu.ui,8.0.2.201202111925,"org.eclipse.cdt.managedbuilder.gnu.ui",1457650133372
stopped,bundle,org.eclipse.cdt.msw.build,1.0.0.201202111925,"org.eclipse.cdt.msw.build",1457650133373
stopped,bundle,org.eclipse.cdt.managedbuilder.core,8.0.2.201202111925,"org.eclipse.cdt.managedbuilder.core",1457650133373
stopped,bundle,org.eclipse.cdt.make.core,7.1.2.201202111925,"org.eclipse.cdt.make.core",1457650133373
stopped,bundle,org.eclipse.cdt.mylyn.ui,3.6.0.v20110608-1400,"org.eclipse.cdt.mylyn.ui",1457650133373
stopped,bundle,org.eclipse.cdt.codan.ui,2.0.1.201202111925,"org.eclipse.cdt.codan.ui",1457650133373
stopped,bundle,com.altera.sbtgui.flash.plugin,12.1.1.243,"com.altera.sbtgui.flash.plugin",1457650133373
stopped,bundle,com.altera.sbtgui.gprof,12.1.1.243,"com.altera.sbtgui.gprof",1457650133374
stopped,bundle,com.altera.sbtgui.core,12.1.1.243,"com.altera.sbtgui.core",1457650133374
stopped,bundle,org.eclipse.cdt.ui,5.3.2.201202111925,"org.eclipse.cdt.ui",1457650133374
stopped,bundle,org.eclipse.cdt.core,5.3.2.201202111925,"org.eclipse.cdt.core",1457650133375
stopped,bundle,org.eclipse.egit.ui,1.3.0.201202151440-r,"org.eclipse.egit.ui",1457650133375
stopped,bundle,org.eclipse.egit.core,1.3.0.201202151440-r,"org.eclipse.egit.core",1457650133376
stopped,bundle,org.eclipse.equinox.p2.ui.sdk,1.0.200.v20110815-1419,"org.eclipse.equinox.p2.ui.sdk",1457650133377
stopped,bundle,org.eclipse.rse.importexport,1.2.200.v201105021534,"org.eclipse.rse.importexport",1457650133377
stopped,bundle,org.eclipse.rse.subsystems.shells.telnet,1.2.200.v201101042155,"org.eclipse.rse.subsystems.shells.telnet",1457650133377
stopped,bundle,org.eclipse.rse.shells.ui,3.0.301.R33x_v201107181530,"org.eclipse.rse.shells.ui",1457650133378
stopped,bundle,org.eclipse.rse.files.ui,3.2.1.R33x_v201109141647,"org.eclipse.rse.files.ui",1457650133378
stopped,bundle,org.eclipse.rse.processes.ui,3.0.300.v201101042155,"org.eclipse.rse.processes.ui",1457650133379
stopped,bundle,org.eclipse.search,3.7.0.v20110928-1504,"org.eclipse.search",1457650133380
stopped,bundle,org.eclipse.mylyn.commons.team,0.8.0.v20110608-1400,"org.eclipse.mylyn.commons.team",1457650133380
stopped,bundle,org.eclipse.mylyn.team.ui,3.6.1.v20110825-0100,"org.eclipse.mylyn.team.ui",1457650133380
stopped,bundle,org.eclipse.ui.navigator.resources,3.4.300.v20110928-1505,"org.eclipse.ui.navigator.resources",1457650133380
stopped,bundle,org.eclipse.ltk.ui.refactoring,3.6.0.v20110928-1453,"org.eclipse.ltk.ui.refactoring",1457650133380
stopped,bundle,org.eclipse.mylyn.bugzilla.ui,3.6.0.v20110608-1400,"org.eclipse.mylyn.bugzilla.ui",1457650133380
stopped,bundle,org.eclipse.mylyn.ide.ui,3.6.0.v20110608-1400,"org.eclipse.mylyn.ide.ui",1457650133381
activated,perspective,com.altera.sbtgui.ui,,"com.altera.sbtgui.ui.cPerspective",1458178078379
started,bundle,org.eclipse.osgi,3.7.2.v20120110-1415,"org.eclipse.osgi",1458178078380
started,bundle,org.eclipse.equinox.simpleconfigurator,1.0.200.v20110815-1438,"org.eclipse.equinox.simpleconfigurator",1458178078381
started,bundle,com.ibm.icu,4.4.2.v20110823,"com.ibm.icu",1458178078382
started,bundle,org.eclipse.cdt.codan.checkers,1.0.1.201202111925,"org.eclipse.cdt.codan.checkers",1458178078383
started,bundle,org.eclipse.cdt.codan.checkers.ui,1.0.0.201202111925,"org.eclipse.cdt.codan.checkers.ui",1458178078383
started,bundle,org.eclipse.cdt.codan.core,2.0.0.201202111925,"org.eclipse.cdt.codan.core",1458178078384
started,bundle,org.eclipse.cdt.codan.core.cxx,1.0.0.201202111925,"org.eclipse.cdt.codan.core.cxx",1458178078384
started,bundle,org.eclipse.cdt.codan.ui,2.0.1.201202111925,"org.eclipse.cdt.codan.ui",1458178078385
started,bundle,org.eclipse.cdt.codan.ui.cxx,2.0.0.201202111925,"org.eclipse.cdt.codan.ui.cxx",1458178078385
started,bundle,org.eclipse.cdt.core,5.3.2.201202111925,"org.eclipse.cdt.core",1458178078385
started,bundle,org.eclipse.cdt.debug.core,7.1.0.201202111925,"org.eclipse.cdt.debug.core",1458178078387
started,bundle,org.eclipse.cdt.make.core,7.1.2.201202111925,"org.eclipse.cdt.make.core",1458178078388
started,bundle,org.eclipse.cdt.make.ui,7.1.2.201202111925,"org.eclipse.cdt.make.ui",1458178078388
started,bundle,org.eclipse.cdt.managedbuilder.core,8.0.2.201202111925,"org.eclipse.cdt.managedbuilder.core",1458178078389
started,bundle,org.eclipse.cdt.msw.build,1.0.0.201202111925,"org.eclipse.cdt.msw.build",1458178078389
started,bundle,org.eclipse.cdt.ui,5.3.2.201202111925,"org.eclipse.cdt.ui",1458178078389
started,bundle,org.eclipse.compare.core,3.5.200.I20110208-0800,"org.eclipse.compare.core",1458178078389
started,bundle,org.eclipse.core.contenttype,3.4.100.v20110423-0524,"org.eclipse.core.contenttype",1458178078390
started,bundle,org.eclipse.core.databinding.observable,1.4.0.I20110222-0800,"org.eclipse.core.databinding.observable",1458178078390
started,bundle,org.eclipse.core.expressions,3.4.300.v20110228,"org.eclipse.core.expressions",1458178078390
started,bundle,org.eclipse.core.filebuffers,3.5.200.v20110928-1504,"org.eclipse.core.filebuffers",1458178078391
started,bundle,org.eclipse.core.filesystem,1.3.100.v20110423-0524,"org.eclipse.core.filesystem",1458178078391
started,bundle,org.eclipse.core.jobs,3.5.101.v20120113-1953,"org.eclipse.core.jobs",1458178078391
started,bundle,org.eclipse.core.net,1.2.100.I20110511-0800,"org.eclipse.core.net",1458178078392
started,bundle,org.eclipse.core.resources,3.7.101.v20120125-1505,"org.eclipse.core.resources",1458178078392
started,bundle,org.eclipse.core.runtime,3.7.0.v20110110,"org.eclipse.core.runtime",1458178078392
started,bundle,org.eclipse.core.runtime.compatibility,3.2.100.v20100505,"org.eclipse.core.runtime.compatibility",1458178078392
started,bundle,org.eclipse.core.runtime.compatibility.auth,3.2.200.v20110110,"org.eclipse.core.runtime.compatibility.auth",1458178078393
started,bundle,org.eclipse.core.variables,3.2.500.v20110928-1503,"org.eclipse.core.variables",1458178078393
started,bundle,org.eclipse.debug.core,3.7.1.v20111129-2031,"org.eclipse.debug.core",1458178078394
started,bundle,org.eclipse.egit.core,1.3.0.201202151440-r,"org.eclipse.egit.core",1458178078394
started,bundle,org.eclipse.egit.ui,1.3.0.201202151440-r,"org.eclipse.egit.ui",1458178078395
started,bundle,org.eclipse.epp.mpc.ui,1.1.1.I20110907-0947,"org.eclipse.epp.mpc.ui",1458178078395
started,bundle,org.eclipse.epp.usagedata.gathering,1.3.1.R201106061540,"org.eclipse.epp.usagedata.gathering",1458178078395
started,bundle,org.eclipse.epp.usagedata.recording,1.3.1.R201106061540,"org.eclipse.epp.usagedata.recording",1458178078395
started,bundle,org.eclipse.equinox.app,1.3.100.v20110321,"org.eclipse.equinox.app",1458178078396
started,bundle,org.eclipse.equinox.common,3.6.0.v20110523,"org.eclipse.equinox.common",1458178078396
started,bundle,org.eclipse.equinox.ds,1.3.1.R37x_v20110701,"org.eclipse.equinox.ds",1458178078396
started,bundle,org.eclipse.equinox.event,1.2.100.v20110502,"org.eclipse.equinox.event",1458178078397
started,bundle,org.eclipse.equinox.p2.core,2.1.1.v20120113-1346,"org.eclipse.equinox.p2.core",1458178078397
started,bundle,org.eclipse.equinox.p2.directorywatcher,1.0.300.v20110815-1419,"org.eclipse.equinox.p2.directorywatcher",1458178078397
started,bundle,org.eclipse.equinox.p2.engine,2.1.1.R37x_v20111003,"org.eclipse.equinox.p2.engine",1458178078398
started,bundle,org.eclipse.equinox.p2.metadata,2.1.0.v20110815-1419,"org.eclipse.equinox.p2.metadata",1458178078398
started,bundle,org.eclipse.equinox.p2.metadata.repository,1.2.0.v20110815-1419,"org.eclipse.equinox.p2.metadata.repository",1458178078398
started,bundle,org.eclipse.equinox.p2.operations,2.1.1.R37x_v20111111,"org.eclipse.equinox.p2.operations",1458178078398
started,bundle,org.eclipse.equinox.p2.reconciler.dropins,1.1.100.v20110815-1419,"org.eclipse.equinox.p2.reconciler.dropins",1458178078399
started,bundle,org.eclipse.equinox.p2.repository,2.1.1.v20120113-1346,"org.eclipse.equinox.p2.repository",1458178078399
started,bundle,org.eclipse.equinox.p2.ui.sdk.scheduler,1.0.100.v20110815-1419,"org.eclipse.equinox.p2.ui.sdk.scheduler",1458178078399
started,bundle,org.eclipse.equinox.p2.updatechecker,1.1.200.v20110815-1419,"org.eclipse.equinox.p2.updatechecker",1458178078399
started,bundle,org.eclipse.equinox.preferences,3.4.2.v20120111-2020,"org.eclipse.equinox.preferences",1458178078400
started,bundle,org.eclipse.equinox.registry,3.5.101.R37x_v20110810-1611,"org.eclipse.equinox.registry",1458178078400
started,bundle,org.eclipse.equinox.security,1.1.1.R37x_v20110822-1018,"org.eclipse.equinox.security",1458178078400
started,bundle,org.eclipse.equinox.util,1.0.300.v20110502,"org.eclipse.equinox.util",1458178078400
started,bundle,org.eclipse.help,3.5.100.v20110426,"org.eclipse.help",1458178078401
started,bundle,org.eclipse.jface,3.7.0.v20110928-1505,"org.eclipse.jface",1458178078401
started,bundle,org.eclipse.jgit,1.3.0.201202151440-r,"org.eclipse.jgit",1458178078401
started,bundle,org.eclipse.jsch.core,1.1.300.I20110514-0800,"org.eclipse.jsch.core",1458178078402
started,bundle,org.eclipse.linuxtools.cdt.autotools.core,1.0.2.201202152032,"org.eclipse.linuxtools.cdt.autotools.core",1458178078402
started,bundle,org.eclipse.ltk.core.refactoring,3.5.201.r372_v20111101-0700,"org.eclipse.ltk.core.refactoring",1458178078402
started,bundle,org.eclipse.ltk.ui.refactoring,3.6.0.v20110928-1453,"org.eclipse.ltk.ui.refactoring",1458178078403
started,bundle,org.eclipse.mylyn.bugzilla.core,3.6.5.v20120123-0100,"org.eclipse.mylyn.bugzilla.core",1458178078403
started,bundle,org.eclipse.mylyn.bugzilla.ui,3.6.0.v20110608-1400,"org.eclipse.mylyn.bugzilla.ui",1458178078404
started,bundle,org.eclipse.mylyn.commons.identity,0.8.0.v20110608-1400,"org.eclipse.mylyn.commons.identity",1458178078404
started,bundle,org.eclipse.mylyn.commons.net,3.6.0.v20110608-1400,"org.eclipse.mylyn.commons.net",1458178078404
started,bundle,org.eclipse.mylyn.commons.ui,3.6.1.v20110720-0100,"org.eclipse.mylyn.commons.ui",1458178078404
started,bundle,org.eclipse.mylyn.context.core,3.6.1.v20110720-0100,"org.eclipse.mylyn.context.core",1458178078404
started,bundle,org.eclipse.mylyn.context.ui,3.6.1.v20120112-0100,"org.eclipse.mylyn.context.ui",1458178078405
started,bundle,org.eclipse.mylyn.monitor.ui,3.6.0.v20110608-1400,"org.eclipse.mylyn.monitor.ui",1458178078405
started,bundle,org.eclipse.mylyn.tasks.ui,3.6.5.v20120215-0100,"org.eclipse.mylyn.tasks.ui",1458178078406
started,bundle,org.eclipse.mylyn.team.ui,3.6.1.v20110825-0100,"org.eclipse.mylyn.team.ui",1458178078406
started,bundle,org.eclipse.search,3.7.0.v20110928-1504,"org.eclipse.search",1458178078406
started,bundle,org.eclipse.team.core,3.6.0.I20110525-0800,"org.eclipse.team.core",1458178078407
started,bundle,org.eclipse.team.cvs.core,3.3.400.I20110510-0800,"org.eclipse.team.cvs.core",1458178078407
started,bundle,org.eclipse.team.cvs.ui,3.3.401.v20120126-1227,"org.eclipse.team.cvs.ui",1458178078408
started,bundle,org.eclipse.team.ui,3.6.101.R37x_v20111109-0800,"org.eclipse.team.ui",1458178078408
started,bundle,org.eclipse.ui,3.7.0.v20110928-1505,"org.eclipse.ui",1458178078409
started,bundle,org.eclipse.ui.console,3.5.100.v20111007_r372,"org.eclipse.ui.console",1458178078409
started,bundle,org.eclipse.ui.editors,3.7.0.v20110928-1504,"org.eclipse.ui.editors",1458178078409
started,bundle,org.eclipse.ui.forms,3.5.101.v20111011-1919,"org.eclipse.ui.forms",1458178078409
started,bundle,org.eclipse.ui.ide,3.7.0.v20110928-1505,"org.eclipse.ui.ide",1458178078410
started,bundle,org.eclipse.ui.navigator,3.5.101.v20120106-1355,"org.eclipse.ui.navigator",1458178078410
started,bundle,org.eclipse.ui.navigator.resources,3.4.300.v20110928-1505,"org.eclipse.ui.navigator.resources",1458178078410
started,bundle,org.eclipse.ui.net,1.2.100.v20111208-1155,"org.eclipse.ui.net",1458178078411
started,bundle,org.eclipse.ui.views,3.6.0.v20110928-1505,"org.eclipse.ui.views",1458178078411
started,bundle,org.eclipse.ui.workbench,3.7.1.v20120104-1859,"org.eclipse.ui.workbench",1458178078411
started,bundle,org.eclipse.ui.workbench.texteditor,3.7.0.v20110928-1504,"org.eclipse.ui.workbench.texteditor",1458178078412
started,bundle,org.eclipse.update.configurator,3.3.100.v20100512,"org.eclipse.update.configurator",1458178078412
started,bundle,org.eclipse.update.core,3.2.500.v20110330,"org.eclipse.update.core",1458178078412
started,bundle,org.eclipse.update.scheduler,3.2.300.v20100512,"org.eclipse.update.scheduler",1458178078413
started,bundle,com.altera.sbtgui.core,12.1.1.243,"com.altera.sbtgui.core",1458178078413
started,bundle,com.altera.sbtgui.integration,12.1.1.243,"com.altera.sbtgui.integration",1458178078413
started,bundle,com.altera.sbtgui.launch,12.1.1.243,"com.altera.sbtgui.launch",1458178078413
started,bundle,com.altera.sbtgui.project,12.1.1.243,"com.altera.sbtgui.project",1458178078414
started,bundle,com.altera.systemconsole,12.1.1.243,"com.altera.systemconsole",1458178078414
started,bundle,com.altera.systemconsole.designs.plugin,12.1.1.243,"com.altera.systemconsole.designs.plugin",1458178078414
started,bundle,com.altera.systemconsole.scripting,12.1.1.243,"com.altera.systemconsole.scripting",1458178078414
started,bundle,com.altera.utilities,12.1.1.243,"com.altera.utilities",1458178078414
os,sysinfo,,,"linux",1458178078416
arch,sysinfo,,,"x86",1458178078416
ws,sysinfo,,,"gtk",1458178078416
locale,sysinfo,,,"en_US",1458178078416
processors,sysinfo,,,"8",1458178078416
java.runtime.name,sysinfo,,,"Java(TM) SE Runtime Environment",1458178078416
java.runtime.version,sysinfo,,,"1.6.0_23-b05",1458178078416
java.specification.name,sysinfo,,,"Java Platform API Specification",1458178078416
java.specification.vendor,sysinfo,,,"Sun Microsystems Inc.",1458178078416
java.specification.version,sysinfo,,,"1.6",1458178078416
java.vendor,sysinfo,,,"Sun Microsystems Inc.",1458178078416
java.version,sysinfo,,,"1.6.0_23",1458178078416
java.vm.info,sysinfo,,,"mixed mode",1458178078416
java.vm.name,sysinfo,,,"Java HotSpot(TM) Server VM",1458178078416
java.vm.specification.name,sysinfo,,,"Java Virtual Machine Specification",1458178078416
java.vm.specification.vendor,sysinfo,,,"Sun Microsystems Inc.",1458178078416
java.vm.specification.version,sysinfo,,,"1.0",1458178078416
java.vm.vendor,sysinfo,,,"Sun Microsystems Inc.",1458178078416
java.vm.version,sysinfo,,,"19.0-b09",1458178078416
started,bundle,org.eclipse.epp.usagedata.ui,1.3.1.R201106061540,"org.eclipse.epp.usagedata.ui",1458178079425
error,log,,,"Unhandled event loop exception",1458178079586
opened,view,org.eclipse.ui.ide,3.7.0.v20110928-1505,"org.eclipse.ui.views.ProblemView",1458178082972
activated,view,org.eclipse.ui.navigator.resources,3.4.300.v20110928-1505,"org.eclipse.ui.navigator.ProjectExplorer",1458178084687
started,bundle,org.eclipse.compare,3.5.202.R37x_v20111109-0800,"org.eclipse.compare",1458178084786
started,bundle,org.eclipse.debug.ui,3.7.102.v20111129-1423_r372,"org.eclipse.debug.ui",1458178086163
started,bundle,org.eclipse.cdt.debug.ui,7.1.2.201202111925,"org.eclipse.cdt.debug.ui",1458178086172
started,bundle,org.eclipse.cdt.dsf,2.2.0.201202111925,"org.eclipse.cdt.dsf",1458178089166
started,bundle,org.eclipse.cdt.dsf.gdb,4.0.2.201202111925,"org.eclipse.cdt.dsf.gdb",1458178089166
started,bundle,org.eclipse.cdt.dsf.gdb.ui,2.2.1.201202111925,"org.eclipse.cdt.dsf.gdb.ui",1458178089167
deactivated,workbench,org.eclipse.ui.workbench,3.7.1.v20120104-1859,"",1458178089223
activated,workbench,org.eclipse.ui.workbench,3.7.1.v20120104-1859,"",1458178097293
deactivated,workbench,org.eclipse.ui.workbench,3.7.1.v20120104-1859,"",1458178108818
activated,workbench,org.eclipse.ui.workbench,3.7.1.v20120104-1859,"",1458178113386
deactivated,workbench,org.eclipse.ui.workbench,3.7.1.v20120104-1859,"",1458178117676
executed,command,,,"com.altera.sbtgui.launch.hardware.Nios2HardwareLaunchShortcut.run",1458178121539
started,bundle,org.eclipse.cdt.launch,7.0.0.201202111925,"org.eclipse.cdt.launch",1458178121546
activated,workbench,org.eclipse.ui.workbench,3.7.1.v20120104-1859,"",1458178121549
opened,view,com.altera.sbtgui.launch,12.1.1.243,"com.altera.sbtgui.launch.hardware.ByteStreamConsoleView",1458178122321
started,bundle,org.eclipse.cdt.debug.mi.ui,6.1.1.201202111925,"org.eclipse.cdt.debug.mi.ui",1458178122475
started,bundle,org.eclipse.cdt.debug.mi.core,7.1.1.201202111925,"org.eclipse.cdt.debug.mi.core",1458178122484
error,log,,,"Failed Executing: [nios2-download, '--cable=USB-Blaster on localhost [2-1.6]', --device=1, --instance=0, --stop, --accept-bad-sysid, --sidp=0x1109068] return code: 8",1458178123637
error,log,,,"Failed Executing: [nios2-download, '--cable=USB-Blaster on localhost [2-1.6]', --device=1, --instance=0, --go, --accept-bad-sysid, --sidp=0x1109068, /afs/ualberta.ca/home/s/c/schuman/ece492/niosII_microc_lab2/software/Evo_Synth/Evo_Synth.elf] return code: 8",1458178124923
error,log,,,"Downloading ELF Process failed",1458178124938
deactivated,workbench,org.eclipse.ui.workbench,3.7.1.v20120104-1859,"",1458178124971
activated,workbench,org.eclipse.ui.workbench,3.7.1.v20120104-1859,"",1458178126276
deactivated,workbench,org.eclipse.ui.workbench,3.7.1.v20120104-1859,"",1458178131749
activated,workbench,org.eclipse.ui.workbench,3.7.1.v20120104-1859,"",1458178177238
deactivated,workbench,org.eclipse.ui.workbench,3.7.1.v20120104-1859,"",1458178177902
activated,workbench,org.eclipse.ui.workbench,3.7.1.v20120104-1859,"",1458178179380
started,bundle,com.altera.debug.cdi.gdb.plugin,12.1.1.243,"com.altera.debug.cdi.gdb.plugin",1458178190105
deactivated,workbench,org.eclipse.ui.workbench,3.7.1.v20120104-1859,"",1458178190210
executed,command,org.eclipse.debug.ui,3.7.102.v20111129-1423_r372,"org.eclipse.debug.ui.commands.OpenRunConfigurations",1458178199525
